단어,빈도수
개발,899
회사,563
오후,513
경험,488
지원,392
업무,365
서비스,352
경력,321
개발자,319
초대,303
근무,284
디자인,281
유부,263
배진호,263
가능,250
위치,245
이상,242
프로젝트,233
사항,218
구인,214
우대,211
협의,210
채용,200
페이,182
기획,173
오전,171
디자이너,163
사용,160
내용,158
기간,153
기술,152
대한,151
서버,141
현재,132
업종,132
작업,131
기반,129
연봉,129
문의,126
관리,115
운영,115
모집,111
저희,109
연차,109
포트폴리오,109
관련,108
관심,105
스타트업,104
요건,102
필요,101
소개,101
진행,101
제공,100
연락,98
이해,97
분야,97
형태,93
개인,91
기업,90
여부,87
백엔드,86
자격,86
모바일,85
조건,85
마케팅,82
플랫폼,82
이용,80
안드로이드,78
프론트엔드,78
이력서,76
근무시간,76
무관,74
능력,73
급여,72
참고,72
면접,70
복지,69
방법,69
개월,68
사업,68
교육,67
제작,67
정규직,66
게임,66
자택,65
투자,64
시장,64
스킬,63
미팅,63
기능,63
서울,61
사람,61
필수,61
솔루션,61
활용,61
설계,60
시간,60
아래,59
협업,59
페이지,59
메일,58
프론트,57
보유,57
제출,57
제품,56
공유,56
서울시,56
예정,56
데이터,56
보험,55
정보,54
서류,53
신입,52
블록,52
공고,52
업체,52
신분,51
스톡옵션,51
포지션,51
신규,51
퍼블리싱,51
재택,50
체인,50
담당,50
카톡,49
시스템,47
홈페이지,47
이메일,47
분석,47
주시,46
상세,46
연락처,45
고객,45
환경,45
오픈,45
통해,45
구축,45
보수,45
중고차,45
위해,44
외주,44
언어,44
지급,44
유지,44
카카오,42
기본,42
사용자,42
휴가,41
구현,40
추가,40
금요일,40
링크,38
주식회사,38
강남,38
영어,37
콘텐츠,37
야근,37
완료,36
반응,36
목요일,35
월요일,35
열정,35
계약,35
연동,35
기존,35
선정,35
커뮤니케이션,34
지식,34
자기,34
역량,34
우리,34
확인,33
넷마블,33
문화,33
프리랜서,33
경우,33
프리,33
희망,33
직원,33
파일,32
수요일,32
작성,32
강남구,32
협상,32
기타,32
화폐,32
포함,32
시작,32
학력,31
사이트,31
주요,31
이름,31
화요일,30
프로,30
개별,30
장소,30
직무,30
구합,30
사무실,30
준비,30
결정,30
인원,30
한국,29
컨텐츠,29
국내,29
이해도,29
온라인,29
자바,29
변화,29
상주,29
클라이언트,29
화면,29
디지털,28
자율,28
타워,28
혜택,28
글로벌,28
수준,28
소프트웨어,28
퇴근,28
실력,28
수정,27
선호,27
참여,27
테크,27
영상,27
프로그램,27
유치,27
사이드,26
출근,26
가지,26
부문,26
모두,26
요청,26
다른,26
빌딩,26
정도,26
대화,25
규모,25
인력,25
입사,25
자사,25
장비,25
수습,25
참조,25
세부,25
주소,25
요구,25
간식,24
중국,24
일정,24
인재,24
중이,24
개선,24
토요일,24
브랜드,24
목표,23
클라우드,23
가입,23
문서,23
테스트,23
애플리케이션,23
최고,23
부분,23
출시,23
실제,23
방식,23
제도,23
전형,23
성장,23
해당,23
자유,23
대해,23
환영,23
보안,22
점심,22
비용,22
핵심,22
공지,22
주도,22
부동산,22
금액,21
문의사항,21
모임,21
내부,21
계획,21
동영상,21
양식,21
고민,21
윌린,21
기준,21
프레임워크,21
앤드,21
구성,21
분위기,21
사내,21
전달,20
오피스,20
광고,20
본인,20
하나,20
적용,20
최신,20
안과,20
중심,20
창업,20
실무,20
이전,20
모든,20
직거래,20
담당자,19
알바,19
코드,19
장기,19
스택,19
문제,19
본사,19
저녁,19
설립,19
이번,19
일요일,19
상황,19
식대,19
전화,19
넷뱅,19
혁신,19
이후,18
김성민,18
처리,18
언제,18
웹디자인,18
세상,18
출구,18
소스,18
자신,18
센터,18
암호,18
멤버,18
조직,18
어플리케이션,18
커머스,18
초기,18
수학,18
무한,18
동료,18
스토리보드,18
메인,18
의뢰,18
교보,18
판교,17
최소,17
전반,17
고용,17
스커,17
해결,17
라이브러리,17
소통,17
도구,17
가상,17
관리자,17
구매,17
통신,17
안정,17
도보,17
마포구,17
메시지,17
프로그래밍,17
웹개발자,17
최종,17
도서,17
완성,17
결과,17
마켓,17
적극,16
전문,16
오프라인,16
역삼동,16
채팅,16
그룹,16
수평,16
선택,16
근처,16
탄력,16
정직,16
대표,16
거래소,16
챗봇,16
가장,16
런칭,16
주니어,16
커피,16
한가지,16
의지,16
구조,16
이미지,15
성별,15
모듈,15
범위,15
엔지니어,15
오픈소스,15
생산,15
프로그래머,15
별도,15
지역,15
포토샵,15
부탁,15
직접,15
스퀘어,15
매월,15
참가,15
수행,15
미국,14
네이버,14
사진,14
구로구,14
이보영,14
그래픽,14
첨부,14
경기도,14
회원,14
아이디어,14
식사,14
후생,14
플레이어,14
생각,14
컨설팅,14
성과,14
인사,14
호선,14
알수없음,14
석식,14
챗방,14
청년,14
처우,14
의료,14
일러스트,14
정부,14
바로,14
단계,14
접수,14
소셜,14
커뮤니티,14
대상,14
이제,14
치매,14
웹사이트,13
바탕,13
도전,13
네이티,13
거리,13
해외,13
요강,13
마인드,13
미니,13
경영,13
복리,13
캐릭터,13
금융,13
무조건,13
알고리즘,13
다수,13
셀러,13
가이드,13
모두의마블,13
친구,13
매장,13
유니티,13
내외,13
자료,13
종합,13
파트너,13
검토,13
향상,13
타겟,13
사업자,13
큐브,13
닥터,12
다이어리,12
미디어,12
권명철,12
구직,12
보고,12
결제,12
인터,12
트렌드,12
업계,12
고도화,12
법인,12
상태,12
산업,12
판매,12
로서,12
엔드,12
관악구,12
교통비,12
자바스크립트,12
과정,12
재무,12
학습,12
하루,12
소비자,12
동준,12
케릭,12
업데이트,12
근속,12
조금,12
마케터,12
플랫,12
플레인,12
베이글,12
지방,11
에이전시,11
실행,11
네트워크,11
최적화,11
스크립트,11
강남역,11
긍정,11
희쓰님,11
검색,11
전송,11
기재,11
원금,11
내규,11
갠톡,11
전체,11
하이브리드,11
쇼핑,11
포털,11
레이,11
관악로,11
사유,11
역할,11
레벨,11
퍼블리셔,11
합류,11
공간,11
데이,11
생일,11
거의,11
애니메이션,11
출퇴근,11
최진영,11
점심식사,11
평일,11
세미나,11
디테일,11
가능성,11
인테리어,11
공개,10
발전,10
가치,10
전환,10
디지털로,10
이민하,10
리눅스,10
서초구,10
부근,10
로켓,10
펀치,10
성남시,10
컨셉,10
인턴,10
가격,10
대리,10
스타,10
매출,10
프로세스,10
금지,10
이하,10
형식,10
출신,10
성공,10
컴퓨터,10
공통,10
쇼핑몰,10
학생,10
또한,10
카메라,10
리드,10
최대,10
리서치,10
안내,10
최대한,10
잡플래닛,10
선물,10
무엇,10
서브,10
때문,10
주문,10
행동,10
강동구,10
시기,10
고급,10
국내외,10
단위,10
기업가,10
대기업,10
영역,10
가치관,10
법정,10
캔버스,10
프리윌린,10
로부터,10
딱펫,10
제안,10
사고,9
상용,9
희구,9
누구,9
전세계,9
자유형,9
노력,9
지금,9
디비,9
정의,9
생활,9
회의,9
항상,9
인프라,9
확장,9
영업,9
통방,9
부터,9
통한,9
관점,9
사원,9
분량,9
성종,9
부파,9
중구,9
숙련,9
부담,9
인상,9
합격,9
연구,9
리더,9
건강검진,9
리소스,9
제플린,9
올해,9
파악,9
모시,9
튜닝,9
맞춤,9
위주,9
통계,9
리뉴얼,9
웹서비스,9
스케치,9
학원,9
조정,9
스마트,9
책임,9
사양,9
거부,9
프로토타입,9
타임,9
연결,8
송제윤,8
도입,8
건강,8
지향,8
종인,8
제목,8
김태윤,8
감각,8
데이터베이스,8
보기,8
마이,8
기여,8
중식,8
사거리,8
주말,8
공급,8
드릴,8
예상,8
서로,8
협력,8
가정,8
각종,8
교정,8
국가,8
전략,8
활동,8
분당구,8
센티,8
평가,8
미정,8
구로,8
단지,8
관계,8
현장,8
여건,8
가상현실,8
평균,8
지능,8
연장,8
목록,8
마지막,8
조기,8
초반,8
인정,8
보상,8
눈치,8
보지,8
동안,8
발행,8
로고,8
기회,8
정기,8
보신,8
통합,8
헬스장,8
이내,8
포스터,8
인공,8
플러그인,8
용량,8
이면,8
월급,8
등록증,8
안정화,8
성형,8
정식,8
보시,8
피드백,8
슬로,8
수립,8
배포,7
접목,7
정리,7
선영,7
조광현,7
꿀벌,7
사이,7
일수,7
아르바이트,7
특전,7
사람인,7
여기,7
강지혜,7
황상,7
혜연,7
편집,7
버전,7
센서,7
특이,7
사실,7
자동화,7
블로그,7
구비,7
커스터,7
일부,7
답변,7
이야기,7
워드,7
구글,7
제외,7
요소,7
현황,7
오브,7
펀랩,7
다시,7
렉스,7
홈피,7
홍보,7
부서,7
설정,7
총괄,7
유저,7
파이썬,7
권한,7
세계,7
국제,7
구입,7
추후,7
히어로,7
마감,7
이태헌,7
프레임,7
크로스,7
이기,7
수당,7
피플,7
과제,7
쉐어,7
이모티콘,7
시리즈,7
자체,7
워크샵,7
김준호,7
매칭,7
아이콘,7
자금,7
보전,7
시라,7
장점,7
예약,7
여행,7
속도,7
정신,7
나은,7
상향,7
이벤트,7
자기개발,7
음료,7
절차,7
개성,7
주얼리,7
인도,7
피부,7
중개,7
메신저,7
대한민국,7
고려,7
외부,7
체험,7
최윤,7
배너,7
리스트,7
예방,7
중국인,7
여러,6
스케,6
지도,6
정윤,6
향후,6
미래,6
종료,6
이력,6
나경,6
정진,6
단기,6
요일,6
윈도우,6
잠시,6
뷰티,6
업로드,6
오프,6
이정윤,6
소정,6
프로필,6
인터뷰,6
일당,6
로봇,6
출력,6
상품,6
전국,6
바이스,6
일본,6
경기,6
나이,6
얼굴,6
촬영,6
웹페이지,6
이외,6
접점,6
시력,6
명의,6
비즈니스,6
배우,6
아미,6
쿠스,6
제법,6
언니,6
최덕,6
더블,6
로써,6
말레,6
소재,6
우수,6
현실,6
대면,6
발표,6
자문,6
재택근무,6
당사,6
근로,6
삼성,6
자기계발,6
브라우징,6
표준,6
만원,6
그린,6
내일,6
매우,6
음악,6
브랜딩,6
토즈,6
소비,6
첨부파일,6
학사,6
능통,6
어플,6
보너스,6
이디오,6
길동,6
스쿨,6
메이,6
문선,6
가람,6
인센티브,6
전문가,6
각각,6
영주,6
엑스,6
어려움,6
욕심,6
삼성역,6
처음,6
택시,6
응용,6
상시,6
외국인,6
유급,6
가득,6
레몬,6
공휴일,6
계발,6
참석,6
도약,6
퇴직,6
연금,6
제휴,6
연구원,6
발췌,6
투자자,6
일반,6
발송,6
가독성,6
반려동물,6
패러다임,6
요구사항,6
애정,6
기획서,6
체크,6
무용,6
홍준,6
삼성동,6
디바이스,6
폰트,6
삭제,6
스튜디오,5
에어,5
마인,5
네스트,5
차세대,5
인근,5
재효,5
민아,5
이종수,5
이지원,5
기사,5
습득,5
번역,5
중국어,5
시급,5
별로,5
역삼역,5
이수현,5
이우영,5
톡방,5
마포,5
서울특별시,5
은비,5
몽고,5
직전,5
로그인,5
찾기,5
왜곡,5
니트,5
매달,5
원서,5
계정,5
숙자,5
졸업,5
따름,5
포트,5
레이아웃,5
어드민,5
론칭,5
원자,5
산정,5
성동구,5
반영,5
압축,5
최근,5
송파구,5
대만,5
수도,5
매니저,5
박사,5
병원,5
퇴사,5
솔이,5
이방,5
스스로,5
사회,5
김석용,5
부산,5
선릉역,5
추천,5
학과,5
정진숙,5
비쥬,5
채용정보,5
코인,5
번호,5
상의,5
무제,5
모니터,5
혹시,5
잘못,5
지수,5
상위,5
파견,5
시각,5
증강,5
전공자,5
책임감,5
상담,5
실험,5
대응,5
부트스트랩,5
등록,5
등등,5
주변,5
네이션,5
국민연금,5
이지혜,5
주호,5
사비,5
버넥트,5
양하,5
주민,5
지사,5
공학,5
해주시,5
포토샾,5
맥주,5
의미,5
중인,5
의사소통,5
신청,5
도쿄,5
공부,5
세종시,5
병행,5
김성수,5
마크,5
데모,5
공식,5
크런치,5
기한,5
드림,5
블루투스,5
이유,5
칼퇴,5
직통,5
가산,5
자산,5
아이,5
표현,5
흥미,5
신생,5
절약,5
발생,5
수익,5
필요시,5
방송,5
데스크탑,5
능력자,5
팁스,5
진행중,5
만큼,5
직장인,5
퇴직금,5
주훈,5
사고방식,5
거주,5
스타일,5
운용,5
태호,5
망고,5
양재,5
준수,5
발주,5
증가,5
앵귤러,5
노드,5
예시,5
별장,5
용산구,5
영진,5
대출,5
브라우저,5
렌더링,5
외국어,5
지하철,5
이사,5
효율,5
직급,5
가족,5
불평등,5
윈윈,5
천차만별,5
중이므,5
발판,5
엑셀,5
논현,5
합리,5
컴퍼니,5
존중,5
실시간,5
선도,5
노트북,5
정상,5
먼저,5
분산,5
방향,5
미용,5
회복,5
미국법,5
이월드,5
체결,5
용역,5
유망,5
경로,5
서치,5
워드프레스,5
작년,5
코딩,5
스텀,5
명시,5
베타,5
상관,5
아이지,5
웍스,5
머리,5
요약,5
웹앱,5
단말,5
심사,5
박상,5
토대,5
시점,5
강승현,5
지자체,5
코스,5
대학교,5
트립비,5
저장,4
권장,4
웹뷰,4
황씨,4
송이,4
박하,4
유태,4
치킨,4
박준형,4
소하,4
입력,4
다음,4
영쿡,4
백오피스,4
최초,4
측정,4
조회,4
의처,4
비롯,4
위키,4
증진,4
잉여,4
아침,4
인간,4
올빼미,4
응대,4
대학,4
유사,4
학교,4
에듀,4
코치,4
터치,4
패스트,4
강의,4
결과물,4
약간,4
나머지,4
인증,4
무시,4
대형,4
성수동,4
대부분,4
주영,4
주차장,4
과장,4
주차,4
분당,4
현지,4
바이,4
번길,4
만족도,4
아빠,4
전시,4
대시보드,4
로직,4
접속,4
주의,4
만월,4
사이즈,4
점심시간,4
재학,4
정규,4
도산대로,4
포폴,4
대학생,4
학점,4
제한,4
해시,4
인치,4
식비,4
리딩,4
강병찬,4
종업,4
목동,4
소유자,4
기수,4
넥스트,4
대졸,4
아키텍처,4
자의,4
상암동,4
모델링,4
진출,4
무료,4
성향,4
패션,4
인천,4
엔진,4
김명성,4
신사역,4
더욱,4
포스코,4
학동역,4
일이,4
성능,4
접근성,4
유연,4
확정,4
일러스트레이터,4
기초,4
부여,4
얼마,4
종류,4
일본어,4
취업,4
운세,4
한번,4
김소희,4
백업,4
사정,4
홍제,4
난이도,4
김택권,4
천재교육,4
지니,4
티칭,4
교사,4
원격,4
벤처스,4
스벤,4
의료관광,4
스트리밍,4
수시,4
집중,4
채널,4
아이디,4
해성,4
다이나모,4
시도,4
스토어,4
노성환,4
가요,4
거래,4
중소기업,4
리걸,4
코드이그나이터,4
취향,4
구미,4
한님,4
컨설턴트,4
시니어,4
사전,4
제트,4
아이템,4
추진,4
의욕,4
년차,4
광역,4
장님,4
달라,4
의견,4
주얼,4
배재,4
패기,4
싱가폴,4
웹표준,4
예스,4
스트리트,4
집약,4
리움,4
토론,4
리프,4
행사,4
버스,4
카피,4
추구,4
박서연,4
매핑,4
대박,4
빅데이터,4
의사결정,4
성혁,4
엔젤,4
구체,4
모델,4
고정,4
리뷰,4
퍼포먼스,4
정현,4
데이팅,4
트래픽,4
성취,4
케어,4
출원,4
서철욱,4
의료기기,4
능동,4
프라이머,4
시드,4
연령,4
습관,4
시행,4
자동,4
연세대학교,4
고자,4
비지,4
절대,4
모던,4
느낌,4
스포츠,4
구체화,4
합격자,4
챠트,4
투입,4
연간,4
문자,4
즌믕,4
선릉,4
랙션,4
평소,4
엣지,4
수년,4
비디오,4
덕분,4
북미,4
영미권,4
진짜,4
무대,4
후지,4
소프트뱅크,4
독점,4
픽스,4
동일,4
지속,4
태양광,4
쓰레기통,4
재량,4
감지,4
수거,4
절감,4
심야,4
수면,4
포상,4
정밀,4
순환,4
고양이,4
집사,4
컨퍼런스,4
안심,4
팀원,4
하오닥,4
습기,4
창희,3
여러가지,3
한남동,3
공덕역,3
인터페이스,3
김강우,3
명성,3
박종현,3
매미,3
뉴스,3
프론트단,3
이진석,3
이진영,3
아영,3
한국어,3
이해력,3
기대,3
여유,3
김영민,3
다정,3
제이,3
합정역,3
보조,3
제조,3
합의,3
쿼리,3
술펀,3
도메인,3
유무,3
여성,3
동기,3
이기환,3
정보보안,3
보장,3
연관,3
지젤,3
제작사,3
홍성규,3
이러닝,3
파이브,3
변경,3
그대로,3
재생,3
조율,3
우성,3
휴일,3
수록,3
두산,3
열사,3
코어,3
소켓,3
장웅,3
플레이,3
이동현,3
문정동,3
이종환,3
영문,3
야후,3
정해룡,3
어스,3
말씀,3
알람,3
표기,3
프로토콜,3
개요,3
우드,3
죄송,3
주연,3
홈쇼핑,3
테이블,3
서면,3
로그,3
정책,3
정보처리기사,3
게시판,3
배드,3
민수,3
김우현,3
앱스토어,3
퇴계로,3
원활,3
인성,3
출처,3
실습,3
마음,3
캠프,3
수학학원,3
클릭,3
배경,3
흐흣,3
종로,3
아마존,3
구동,3
재욱,3
미코,3
리아,3
월차,3
심층,3
교육비,3
성과급,3
핵융합,3
김진구,3
식품,3
현우,3
개설,3
플러스,3
불가,3
허브,3
선별,3
취소,3
간의,3
비교,3
산재,3
매드,3
플레이스토어,3
패밀리,3
하프,3
용산역,3
신용산역,3
겸비,3
자회사,3
안양시,3
뉴욕,3
발휘,3
매년,3
공기청정기,3
아두이노,3
서울대학교,3
모션,3
자발,3
주력,3
로만,3
서적,3
공동,3
당일,3
김완,3
이민우,3
상사,3
유관,3
외국,3
사모펀드,3
제임스,3
컨벤션,3
인생,3
캔디,3
폴링,3
중소,3
클리,3
처류,3
러블,3
남구,3
안드로이드개발,3
보이,3
주축,3
일체,3
우리나라,3
유한,3
중순,3
매물,3
아웃소싱,3
홍대입구역,3
알림,3
특성,3
김민재,3
윤제,3
달님,3
송두호,3
정영호,3
동시,3
레시피,3
책정,3
꿀카,3
주목,3
펀딩,3
플라이,3
까페,3
메이크,3
유통,3
간단,3
제시,3
잡코리아,3
리듬,3
구제,3
가맹,3
계시,3
이익,3
정말,3
임대,3
서울대,3
점차,3
주택,3
캘린더,3
유료,3
상무,3
탐방,3
한정,3
연구소,3
명절,3
기념일,3
메뉴얼,3
김종대,3
동영,3
오리,3
가미,3
이임,3
차트,3
석사,3
개개인,3
레시,3
배우자,3
응원,3
맥북,3
기쁨,3
박해정,3
논리,3
머신,3
문고,3
기획마케터,3
혜원,3
권기성,3
회식,3
한솔교육,3
대인관계,3
젝션,3
배치,3
시오,3
미션,3
도움,3
내년,3
대량,3
신경,3
권리,3
자급,3
케이,3
자막,3
예산,3
대체,3
휴무,3
강점,3
성현,3
용인,3
세금,3
계산서,3
예정일,3
컬러,3
렉션,3
린토,3
전담,3
소요,3
신윤제,3
형성,3
개척,3
순간,3
즉시,3
특허,3
현역,3
레머,3
게임개발,3
퇴보,3
스프라이트,3
두번째,3
중복,3
상업,3
이용권,3
즐거움,3
유연근무제,3
런칭했,3
중후,3
반의,3
나가요,3
디지털화,3
대전,3
스펙,3
한해,3
난수,3
산출,3
은행,3
착수,3
소송,3
신촌,3
서대문구,3
원칙,3
전부,3
송미경,3
라면,3
복장,3
카페,3
일찍,3
걱정,3
다국적,3
김재원,3
가구,3
헤어,3
지선,3
스피보,3
허위,3
유선,3
판단,3
사옥,3
수집,3
이나,3
전자,3
김득주,3
삼성로,3
콘티,3
훠궈,3
조사,3
사의,3
다이렉트,3
김형민,3
대금,3
발신,3
통신사,3
팝업,3
문제점,3
점검,3
견적,3
김영근,3
차준범,3
충무로,3
이탈,3
앵무새,3
효과,3
포팅,3
영화,3
김민선,3
상호,3
미림,3
액션,3
남경,3
원님,3
정재윤,3
비비,3
이형근,3
민기,3
최상,3
이병훈,3
최다혜,3
조재희,3
적응,3
파트타임,3
칠성,3
날짜,2
정다이,2
흐흣님,2
이수지,2
재석,2
크리에이티브,2
헬스,2
비자,2
강병수,2
로컬,2
스티커,2
박람회,2
질환,2
달성,2
박재만,2
브라더,2
지점,2
이녕,2
웹소설,2
하의,2
유수,2
유타,2
간체,2
박다솜,2
인연,2
대경,2
그대,2
밥값,2
양해,2
대행,2
서초대로,2
스프링,2
새벽,2
용도,2
원천,2
징수,2
증명,2
비밀번호,2
비번,2
포인트,2
박세진,2
대우,2
서초,2
질문,2
원어민,2
페이스북,2
조영진,2
키글,2
동작구,2
뽀로로,2
타요,2
배턴,2
초점,2
입시,2
대입,2
셋팅,2
호출,2
텍스트,2
시중,2
우선,2
이직,2
홍경태,2
브레인,2
서울숲,2
스마트폰,2
비지니스,2
여개,2
신분당선,2
출장,2
터키,2
학술,2
여명,2
기관,2
유학,2
유희,2
성남대로,2
성남,2
민트,2
창립,2
드업,2
김영호,2
문준식,2
조경진,2
프로잭,2
아키텍쳐,2
패턴,2
물류,2
마이케나스,2
크기,2
프로세싱,2
스피,2
주일,2
상콤,2
한윤,2
김유현,2
빌드업,2
김기령,2
실장,2
예정자,2
토리,2
참고자료,2
유의사항,2
소화,2
위젯,2
상화,2
우태,2
꽃님,2
스파크,2
디플로,2
청담,2
공백기,2
김종찬,2
부자,2
동국대,2
충무로역,2
대외,2
보람,2
언론사,2
상공회의소,2
말레이시아,2
무급,2
전공,2
지부,2
임완,2
안산,2
사관학교,2
로드맵,2
풀타임,2
구의동,2
음성,2
지장,2
티어,2
가운데,2
허락,2
헤드,2
헌팅,2
수원,2
회계법인,2
자격증,2
강대형,2
서초동,2
바람,2
혼합,2
태도,2
영국,2
러닝,2
서정주,2
장미,2
태인,2
통일,2
패키지,2
인쇄물,2
멤버십,2
상암,2
무방,2
메세지,2
부득불,2
진화,2
성태,2
반환,2
반경,2
태평,2
검도,2
자본금,2
증명서,2
용건,2
대니엘,2
다국어,2
대비,2
김수로,2
스테이션,2
동교동,2
이스턴,2
브릿지,2
동안구,2
비산동,2
범계역,2
텍사스,2
휴스턴,2
런던,2
새로이,2
윤리,2
형상관리,2
회화,2
이스터,2
고등학교,2
요령,2
관여,2
박지수,2
중요시,2
여름,2
무드등,2
최소한,2
오디오,2
객체지향,2
창의,2
직장,2
깊이,2
미터,2
파기,2
화목,2
어린시절,2
반장,2
지도력,2
시절,2
생략,2
거나,2
감명,2
실시,2
일시,2
시나리오,2
수다,2
민교,2
토정비결,2
정정,2
마리,2
대수,2
키친,2
뚝섬역,2
인터넷,2
컴퓨터공학,2
발사이즈,2
인수합병,2
표준화,2
안준,2
자동차,2
석정로,2
렌탈,2
김대길,2
스톡,2
유아,2
감정,2
도록,2
알토,2
처스,2
시드머니,2
수업,2
사업인,2
부가가치,2
코리아,2
설계자,2
서윤,2
이용욱,2
확대,2
성화,2
판교역,2
알파,2
미만,2
썸네일,2
정재훈,2
김영기,2
의사,2
주관,2
주로,2
교체,2
유형,2
논현동,2
체제,2
강동혁,2
무무,2
김혜림,2
센스,2
널리,2
논현로,2
유니콘,2
급구,2
흥미진진,2
초창,2
블로체,2
고도,2
테르텐,2
구로디지털단지역,2
차주,2
예제,2
변형,2
콜링,2
프라자,2
오늘,2
당장,2
노원구,2
중계로,2
김민욱,2
상생,2
살기,2
위탁,2
동기화,2
나라,2
연애,2
데이트,2
만족,2
검사,2
밸리,2
샘플,2
김보현,2
강진,2
신수연,2
텍스,2
베이징,2
진보,2
스탠다드,2
엑스피,2
이엘티,2
호환성,2
공격,2
예지,2
민우,2
애자,2
캠퍼스,2
조절,2
숙지,2
첨단,2
대환영,2
컨트랙트,2
닷넷,2
과학,2
학위,2
부모님,2
몰입,2
스탠딩,2
데스크,2
기기,2
무비,2
기념,2
세레머니,2
슬픔,2
경조,2
상조,2
운하,2
김남,2
구성원,2
캡슐,2
맛집,2
무제한,2
탄생,2
전화번호,2
수료,2
독산,2
연수,2
증강현실,2
중요,2
프로젝터,2
부사,2
활성화,2
잠실,2
천재지변,2
지진,2
화산폭발,2
해일,2
태풍,2
현상,2
각기,2
배송,2
직책,2
프런트엔드,2
강요,2
대량생산,2
차별,2
반대,2
주저,2
하드웨어,2
불가능,2
배려,2
주가,2
백승희,2
최승민,2
강민,2
구준호,2
출결,2
대략,2
최도현,2
충족,2
분기,2
부가세,2
항목,2
플루,2
모공,2
주름,2
색소,2
침착,2
러스트,2
측정기,2
상처리,2
양산,2
프런트,2
공장,2
선행,2
최윤정,2
남부,2
터미널,2
분리,2
보험사,2
안드,2
듀얼,2
선임,2
책임자,2
소개팅,2
스카이,2
스토리,2
베이스,2
스팅,2
글린콘,2
언주로,2
반드시,2
시행착오,2
개인화,2
점점,2
체형,2
베트남,2
인도네시아,2
아시아,2
진흥,2
네오위즈,2
선정릉역,2
지망,2
배정,2
편입,2
순위,2
철욱,2
양쪽,2
진정훈,2
시세,2
배식,2
상해,2
위챗,2
자로,2
정량,2
정성,2
도출,2
동향,2
가공,2
소지,2
설치,2
부식,2
문구점,2
신입사원,2
상여금,2
지원이,2
타인,2
상품권,2
육성,2
신처,2
유혁,2
은애,2
인욱,2
통제,2
표시,2
식용,2
곤충,2
다이어트,2
리스,2
계약서,2
준함,2
올림픽로,2
귀뚜라미,2
글리,2
장벽,2
근원,2
원인,2
강세,2
동국대학교,2
입하,2
수익모델,2
연세대,2
공제,2
신뢰,2
크로키,2
행위,2
수신,2
그램,2
이준,2
제어,2
수원시,2
차등,2
구단,2
시즌,2
후반,2
위워,2
티비,2
창사,2
스카우트,2
지재권,2
위원,2
교포,2
과학기술,2
웹진,2
물체,2
추적,2
인식,2
논의,2
벤처기업,2
앞서,2
프랑스,2
식구,2
유럽,2
인기,2
유튜브,2
대로,2
중간,2
라이브,2
입금,2
도모,2
지표,2
태블릿,2
교재,2
중고,2
해적,2
당신,2
녹화,2
검증,2
따라서,2
요즘,2
환율,2
칵테일,2
제약,2
이준형,2
김득,2
주님,2
우면동,2
애드,2
애드히어,2
보완,2
필터,2
김민규,2
인포그래픽,2
권민재,2
임대차,2
성사,2
재팬,2
이점,2
자산운용,2
유통업,2
엔젤스,2
년도,2
연혁,2
국민은행,2
리브,2
우리은행,2
토스,2
입구,2
문구,2
섹션,2
순수,2
그래프,2
크롬,2
사파리,2
엎는,2
디버깅,2
업력,2
위함,2
상기,2
누락,2
플래닙,2
제주도,2
서현,2
초봉,2
역학,2
편의,2
워크숍,2
랩스,2
오니,2
인지,2
작일,2
파르,2
나스,2
진단,2
추출,2
웨어,2
에스테,2
화장품,2
수출,2
주영진,2
예성,2
거듭,2
특정,2
완희,2
오금동,2
마천동,2
응용프로그램,2
지인,2
상수역,2
웹디,2
분과,2
졸업생,2
윤서,2
아파트,2
수수료,2
경민,2
대호,2
변재,2
시안,2
비난,2
월간,2
엠플레어,2
현직,2
단점,2
평점,2
축적,2
과업,2
브랜,2
정어리,2
양성우,2
정호,2
최현욱,2
주석,2
김재영,2
벤치마킹,2
키리콘,2
김종구,2
수서역,2
통상,2
그림,2
표지,2
시대,2
설명,2
통과,2
수렴,2
품질,2
엠지솔루션스,2
어시스턴트,2
레퍼런스,2
점프,2
레이싱,2
코오롱,2
강석환,1
양승현,1
상반기,1
샌프란시스코,1
유니버설,1
비엔비,1
제약회사,1
보트,1
스폰서,1
방문,1
스피커,1
분트,1
적분,1
티아이,1
강아지,1
포켓,1
만성,1
진성,1
재미,1
서울역,1
다소,1
엔터스,1
삽입,1
래그,1
가면,1
종현,1
방현준,1
김현욱,1
유동관,1
최호열,1
소설,1
일념,1
처럼,1
안목,1
능숙,1
신지호,1
공민서,1
비버,1
박경,1
자칫,1
구리,1
명량,1
천사,1
싸이코,1
매사,1
놀땐,1
일감,1
중기,1
일거리,1
용진,1
엽님,1
김종민님,1
김세진,1
송파,1
문정역,1
영상통화,1
존재,1
본의,1
패키지디자인,1
소셜커머스,1
사진촬영,1
레아,1
부띠,1
모나코,1
가안,1
판매관리,1
경리,1
가비아,1
을해,1
재부팅,1
벡터,1
하둡,1
캐시,1
크레이지,1
상대원동,1
스플래시,1
튜토리얼,1
노출,1
미세먼지,1
드라이버,1
여의도,1
레거시,1
나영,1
상도동,1
숭실대,1
신관,1
원화,1
로보카,1
폴리,1
아동,1
유투브,1
키즈,1
홍주,1
체육,1
시생,1
치환,1
템플릿,1
요망,1
공수,1
위시,1
이준혁,1
피트,1
메커니즘,1
특징,1
잔뼈,1
네임드,1
부득이,1
근방,1
여러분,1
뭔가,1
로보틱스,1
수석,1
음원,1
해제,1
북경,1
마켓팅,1
진수,1
읭읭이님,1
뉴뉴,1
쭌님,1
장미경,1
이승현,1
법원로,1
파크,1
종사,1
정자역,1
작문,1
계속,1
바이두,1
원드롭,1
정자동,1
안녕하십니까,1
오락,1
급성,1
이삭,1
이주,1
김도현,1
염두,1
쪼재님,1
이규진,1
김승진,1
선데이,1
히어로즈,1
사이클,1
크로스플랫폼,1
브앱,1
열차,1
장거리,1
이동,1
승객,1
운송,1
공모전,1
싸이,1
메라,1
샤시,1
턱선,1
내방역,1
업태,1
오타,1
국혜은님,1
김형준,1
우세,1
윤민,1
바다,1
허당,1
서면역,1
골든,1
이찬,1
라인,1
인벤,1
안성,1
임창수,1
보름,1
김난희님,1
홀짝,1
신발,1
종각역,1
역삼,1
마루,1
정재,1
배상,1
최은진,1
모션그래픽,1
여름방학,1
양재역,1
박호균,1
증원,1
김충,1
김동근,1
시사,1
회계,1
한인,1
보조금,1
상대,1
오해,1
마무리,1
수락,1
모토,1
출퇴근시간,1
차제,1
전액,1
맥북프로,1
스크,1
리즈,1
김태동,1
광진구,1
과외,1
일단,1
합정동,1
이스포츠,1
세션,1
무리,1
혐업,1
한판,1
프로게이머,1
다이아,1
오버,1
워치,1
마스터,1
하스스톤,1
전설,1
동작,1
누님,1
광환,1
쏠쏠라님,1
방이동,1
용어,1
눌렸,1
태명,1
김은혜,1
윤수,1
진호,1
리지,1
용이,1
알렉사,1
장현성,1
냇습,1
김은비,1
그래픽디자인,1
시각디자인,1
구로동,1
무진,1
차임,1
원진,1
찬연,1
신드롬,1
보관,1
특이점,1
뚝심,1
근성,1
미소,1
인류,1
블로거,1
버그,1
베이지안,1
기업인,1
바이오,1
장치,1
학회,1
논문,1
출판,1
요한,1
신정호,1
최현석,1
이엠,1
텔레콤,1
타이젠,1
조원태,1
무역,1
상혁,1
흰여울,1
이주영,1
작물,1
매너,1
동인,1
크리에이터,1
미감,1
역시,1
누리꿈스퀘어,1
파동,1
필요성,1
자연,1
오프모임,1
익명,1
강퇴,1
토의,1
정거장,1
유종,1
선금,1
초과,1
미완성,1
과금,1
현시,1
대조,1
구독,1
구상,1
혼선,1
오지,1
부합,1
하운,1
권형,1
코파,1
운더,1
올스타,1
매니지먼트,1
김성원,1
자수,1
서구,1
육지,1
에티튜드,1
주역,1
상응,1
웹접근성,1
경혐,1
이세현,1
쿠다,1
김소정,1
도식,1
영수,1
류현우,1
서태원,1
전혀,1
라벨,1
정해진,1
고여,1
마음껏,1
비치,1
애견,1
과거,1
혜화,1
재료,1
어린이,1
작동,1
잠깐,1
클립,1
눈사람,1
외형,1
부위,1
산학,1
현금,1
부품,1
영수증,1
환급,1
두비,1
동대문구,1
휘경동,1
회기역,1
흐름,1
아시,1
안주,1
이다흰님,1
애니메이터,1
스키,1
연출,1
호주,1
학청,1
라이,1
박현,1
안양,1
범계,1
자주,1
밥집,1
듭니,1
개사,1
개최,1
호점,1
웁스,1
교토,1
밸런스,1
디렉터,1
릭터,1
넥슨,1
디네,1
중임,1
현승,1
노성민,1
제발,1
이석영,1
정엽,1
김한기,1
잡담,1
류승준,1
김용만,1
김범준,1
열망,1
송부하,1
최진,1
유지관리,1
해석,1
이선용,1
전속력,1
파워,1
가동,1
부수,1
야심,1
이채원,1
진식,1
상원,1
지윤,1
준우승팀,1
스캐너,1
장진,1
명칭,1
연구개발,1
연말,1
임베디드,1
펌웨어,1
탑재,1
통화,1
객체지향언어,1
학창시절,1
랙티브,1
독산역,1
디지털단지로,1
렉티브,1
원룸,1
실물,1
관광,1
우지,1
관광객,1
반면,1
거품,1
에이전트,1
마련,1
신사동,1
퍼블리시,1
오피스텔,1
재능,1
팔삼사,1
비상,1
갯수,1
지후,1
지아,1
방장,1
노지연,1
김현태,1
필독,1
일부러,1
주성,1
홍성,1
김용호,1
키클롭스,1
다방,1
승인,1
거절,1
로그아웃,1
탈퇴,1
아이폰,1
나단,1
하이브리드로,1
일대일,1
등급,1
자단,1
딜러,1
결재,1
컨시어,1
사분기,1
대적,1
트엔드,1
레터,1
간략,1
창의력,1
박기량,1
제이제이,1
전자상거래,1
는걸,1
비즈,1
적립금,1
반바지,1
노래,1
정병,1
현식,1
박주현,1
쏘쏭님,1
김영광,1
김태진,1
재섭,1
개방,1
대구광역시,1
북구,1
침산동,1
프리미어,1
베가스,1
애프터,1
펙트,1
튜터,1
마케터분,1
하진,1
비젼,1
일주일,1
최민규,1
라이노,1
합작,1
신설,1
조림,1
문상철,1
부천시,1
부일로,1
역곡동,1
조휴,1
용품,1
커넥션랩,1
탭바,1
구분,1
라이트,1
작업기,1
발렛,1
랜딩형,1
내정,1
언어팩,1
경량,1
정산,1
임철웅,1
정글,1
효령로,1
방배역,1
하태수,1
선릉로,1
신성,1
금년,1
가량,1
특허권,1
택배,1
생애,1
인앱,1
전자우편,1
륵역,1
수강생,1
스루님,1
놀이,1
선생님,1
개입,1
하우스,1
제주,1
애착,1
와로,1
호스텔,1
공원,1
의논,1
러브,1
사당로,1
생리,1
예방접종,1
절실,1
행복감,1
복지로,1
안마,1
난무,1
조화,1
근로자,1
응모,1
피폭,1
도깨비,1
지엄,1
네일,1
달주시,1
금천구,1
가산동,1
그레이,1
전철,1
통계학,1
동호회,1
융자,1
판별,1
이승주,1
신지,1
피팅,1
백태,1
이재호,1
이티,1
카드,1
비정상회담,1
규칙,1
편안,1
한밤,1
운영자,1
전세버스,1
순항,1
확신,1
홍대,1
성실,1
송부,1
에디터,1
대법원,1
법원,1
다솜,1
송희님,1
킴웅식,1
애버커스,1
학점은행제,1
이수,1
신언호,1
이우석,1
출근시간,1
월드컵,1
북로,1
앱북,1
연락망,1
영유,1
진과,1
구두,1
자만,1
검진,1
스타벅스,1
원두,1
음료수,1
책상,1
주임,1
투사,1
김현영,1
옐로,1
다음커뮤니케이션,1
돕기,1
모회사,1
대칭,1
해소,1
매치,1
메이킹,1
청소,1
패키징,1
보정,1
김승민,1
다산로,1
우주,1
최강,1
인구,1
오늘날,1
이용자,1
맞춤화,1
그날,1
관행,1
색깔,1
연예인,1
휴대폰,1
마우스,1
천만원,1
상쇄,1
모양,1
장인,1
수공업,1
귀금속,1
수량,1
옵션,1
착용,1
학벌,1
시일,1
계해,1
신동훈,1
소재지,1
이지훈,1
준호,1
김태훈,1
에스엘,1
수강,1
납입,1
도곡,1
이틀,1
반일,1
모레,1
증빙,1
납세,1
과세,1
에프,1
이펙트,1
트위터,1
쵸님,1
콘텐트,1
중앙,1
리쿠,1
르트,1
이호준,1
아이피,1
플라스틱,1
접착,1
제조업,1
폴리머,1
필름,1
계측기,1
박지,1
장우님,1
윤현정,1
획득,1
인덕원역,1
블럭,1
공연,1
공기,1
상급,1
경연,1
방배,1
로버,1
라이센스,1
세대,1
정예,1
편이,1
김경태,1
윤우,1
수납,1
분만,1
군필,1
수색,1
웹메일,1
모니터링,1
제니퍼소프트,1
조치,1
정재석,1
에이치,1
소사이어티,1
휴게,1
랜딩,1
수상,1
연매출,1
보드,1
직구,1
최용,1
상장,1
동참,1
가기,1
결격,1
용기,1
고난,1
시련,1
서기,1
밀고,1
밑바닥,1
수업료,1
지불,1
씨앗,1
결합,1
치아,1
모발,1
태국,1
정복,1
타협,1
창조경제,1
보육,1
차이나,1
해커,1
총장,1
봉은사로,1
구글플레이,1
포터,1
어디,1
요원,1
보충역,1
동남아,1
스타트,1
몸서리,1
감사,1
워킹,1
스페이스,1
불구,1
자유게시판,1
박은별,1
상하이,1
홍치,1
공항,1
규정,1
의거,1
왕복,1
항공,1
발급,1
숙소,1
디자인학,1
도면,1
소식,1
전파,1
소환,1
분류,1
이중,1
단순,1
실현,1
열광,1
광고대행사,1
재직,1
각자,1
수십,1
수주,1
한지,1
모찌,1
브레이브,1
경조사,1
과자,1
네스프레소,1
랜덤,1
식탁,1
투어,1
걸음,1
동반성,1
장조,1
소유,1
수술,1
인물,1
몇개,1
신당동,1
찾으셧나,1
아르바이트생,1
파티원,1
보물상자,1
가정동,1
전자통신,1
컴포넌트,1
장애,1
최적,1
업그레이드,1
자세,1
하단,1
이은주,1
홍근님,1
드리머,1
로케일,1
명과,1
웨이보,1
앞단,1
정리필요,1
브레드,1
단백,1
연대,1
페북,1
온라인마케팅,1
유가,1
확률,1
내용증명,1
봣는데,1
무척,1
무적인,1
엠케이랩,1
블랙,1
화이트,1
지시,1
텔레,1
백서,1
푸시,1
단어,1
무량,1
스미스,1
권선구,1
정로,1
이징,1
의복,1
로시,1
관람,1
피복,1
신논현역,1
인하,1
우스,1
평균연령,1
대의,1
확충,1
타입,1
놀때,1
완전,1
뿜뿜,1
비글,1
두려움,1
욕구,1
카피라이팅,1
리엑트,1
야식,1
불금,1
오버타임,1
계산,1
일급,1
레쉬,1
이치,1
최원준,1
최수영,1
제대로,1
소수,1
재우,1
인즈,1
강북,1
사례,1
오토,1
스케일링,1
적재,1
아웃,1
프리스타일,1
최영민,1
제스처,1
파노라마,1
페어,1
거치,1
구진,1
바니,1
우즈베키스탄,1
실리콘,1
잡고,1
이슈,1
하나로,1
이데일리,1
몰이,1
전자신문,1
경제,1
몬스터,1
안산시,1
상록구,1
자료구조,1
세입,1
반말,1
김영,1
김슬비님,1
식목일,1
김기정,1
동동,1
날개,1
오리역,1
크롤,1
랜드,1
부산시,1
방과,1
복도,1
천장,1
세트,1
명암,1
실사,1
경계,1
모자,1
목도리,1
스카프,1
지정,1
할머니,1
할아버지,1
꼬마,1
패스,1
연우,1
개원,1
김대희,1
강도,1
친목,1
만남,1
럭스,1
무스,1
스프린트,1
반복,1
교습,1
부방,1
리포트,1
전용,1
반향,1
프로덕트,1
젊음,1
카니,1
명품,1
밀짚모자,1
일원,1
항해,1
직종,1
시장조사,1
봉천동,1
인스타,1
보도자료,1
적극성,1
셀러리,1
봉제,1
김동현,1
통지,1
판명,1
웹호스팅,1
신용카드,1
잡방,1
메모,1
검수,1
유입,1
프리뷰,1
전자정부,1
수행자,1
참석자,1
단발,1
내공,1
가로,1
다애,1
홍덕,1
하이닉스,1
이천,1
상이,1
트리,1
증권사,1
누적,1
연체,1
조기상,1
단연,1
사랑,1
다만,1
손맵,1
회사정보,1
마장로,1
맥스,1
타일,1
동대문,1
동대문역,1
화공,1
트레이딩뷰,1
홍길동,1
을지로,1
명동,1
을지로입구역,1
화가,1
주요한,1
루비,1
영통구,1
매탄동,1
엄지,1
대왕판교로,1
삼평동,1
전개,1
다날,1
엔텔스로,1
중반,1
야망,1
이윤호,1
아이비,1
성북구,1
화랑로,1
셈플,1
박주,1
대화방,1
재민,1
중단,1
소스코드,1
미비,1
리턴,1
리기,1
컨테이너화,1
스크린샷,1
버튼,1
김동규,1
백범로,1
사장,1
전사,1
문제해결,1
태온,1
게시,1
안드앱,1
메시,1
단체,1
쿠폰,1
일별,1
수식,1
송부합니,1
윤수현,1
복구,1
웹용,1
만하,1
누끼,1
업자,1
최주형,1
박수현,1
매니,1
조영제,1
건가,1
세밀,1
임시,1
보상금,1
원시,1
무후,1
환시,1
축하,1
리팩토링,1
상승,1
승화,1
빈틈,1
법률,1
스키장,1
변호사,1
만날,1
고속,1
승진,1
신용,1
보증,1
기금,1
코스콤,1
엠오유,1
필리핀,1
로펌,1
오유,1
오븐,1
박진식,1
준영,1
비앤,1
파트,1
케어랩스,1
약국,1
굿닥,1
바비,1
회신,1
티켓,1
황혼,1
결성,1
광명시,1
주간,1
어르신,1
우울,1
보급,1
국가책임,1
노인,1
자극,1
매력,1
선두,1
주자,1
지난,1
상당,1
확보,1
부스,1
시설,1
관계자,1
총명,1
본격,1
당면,1
익사,1
측면,1
믿음,1
라즈베리파이,1
제어기,1
모터,1
컨트롤,1
시큐어코딩,1
테블,1
수동,1
공감,1
건설,1
경청,1
라떼,1
판다,1
드로이드,1
여타,1
시범,1
팩토리,1
변동,1
중견,1
경쟁력,1
압구정동,1
컨서팅,1
현안,1
모형,1
변환,1
기법,1
윤승현,1
오투,1
맥킨토시,1
협업툴,1
예전,1
새롬기술,1
다이얼,1
패드,1
학동,1
이예슬,1
이경,1
스페인,1
이태리,1
수입,1
아카데미,1
면세점,1
내근,1
명함,1
카탈,1
인통,1
신현주,1
박진혁,1
상현,1
채경,1
메리,1
최정민,1
그루트,1
김도훈,1
장민정,1
복땡,1
곰통,1
상환,1
상혀비,1
강동구청역,1
포리,1
예진,1
이상화,1
김윤호,1
공사,1
가림,1
주체,1
수의계약,1
필증,1
수직,1
동의,1
비고,1
무지,1
목적,1
버들,1
경운,1
째훈,1
스파이어,1
양천구,1
목동동로,1
백화점,1
랜딩페,1
시술,1
브로커,1
활개,1
진입,1
부족,1
멀리,1
높이,1
궁금점,1
신선,1
숙식,1
개중,1
도중,1
려고,1
뷰위,1
그릴,1
미니게임,1
김태림,1
설연휴,1
일자,1
다음주,1
러프,1
대희,1
비티,1
은평구,1
체용,1
멘토링,1
고등학생,1
입학,1
멘토,1
학군,1
배출,1
면서,1
실질,1
프론트작업,1
개략,1
생활코딩,1
웹프론트,1
혼자,1
망라,1
섭렵,1
욕망,1
특성화고,1
재학생,1
꿈터,1
심플,1
트랜드,1
팔레트,1
하이,1
레프트,1
윤인식,1
크몽,1
도저히,1
연휴,1
대구,1
우분투,1
박승,1
노현우,1
송해,1
무근,1
최고은,1
이동환,1
김윤서,1
썬님,1
마준,1
형준,1
대강,1
미스터,1
익스트,1
리머,1
논쟁,1
통신비,1
정시,1
매봉산,1
협엽,1
방문자,1
돌파,1
천직,1
기록,1
타이포그래피,1
본기,1
호기심,1
김성환,1
상공,1
리더십,1
대인,1
스프,1
장사,1
인포,1
뱅크,1
엔텔스,1
중시,1
장용,1
조형,1
태형,1
태현,1
효준,1
유호,1
임박,1
경인,1
코다,1
사나이,1
이준호,1
종범,1
손지우,1
현석,1
다용,1
김광호,1
오류,1
호스팅,1
운영체제,1
세팅된,1
안지영,1
김흥진,1
성큼,1
경과,1
이정환,1
국풍,1
박준혁,1
김세련,1
윤상,1
김장수,1
안양역,1
철학,1
평균값,1
환산,1
봣습니,1
번의,1
한송이,1
수내역,1
에이,1
젼시,1
크레스,1
발달,1
명감,1
파파,1
김성,1
숙박,1
크루,1
제품디자인,1
체임,1
언리밋테일,1
슬로건,1
엔터테인먼트,1
리액트네이티브,1
드라마,1
웹툰,1
알바생,1
거점,1
부가,1
좌석,1
아마,1
최저,1
남아,1
탁원,1
마포역,1
책자,1
김효준,1
단축,1
해운대구,1
센텀동로,1
센텀벤,1
타운,1
고경민,1
지난번,1
퀄리티,1
시선,1
색감,1
민희,1
실천,1
이상인,1
비핸스,1
핀터레스트,1
의도,1
인권,1
공동체,1
고유,1
정체,1
사용성,1
다면평가제,1
자명,1
제로,1
어젠다,1
워커,1
의제,1
개진,1
조성,1
노동,1
마다,1
안식,1
헤이그,1
라운드,1
잡스,1
만들기,1
실수,1
착오,1
유행,1
편승,1
행시,1
트립비토즈,1
다큐,1
포스,1
파티,1
파이프라인,1
그누보드,1
다운,1
상상,1
개봉,1
속편,1
반도,1
작업중,1
옥자,1
아가씨,1
설국열차,1
괴물,1
올드보이,1
작품,1
감독,1
인수,1
대규모,1
프로덕션,1
다년,1
뉴미디어,1
근육,1
불균형,1
석기,1
왕십리,1
비공개,1
김기덕,1
엽서,1
텀블러,1
돗자리,1
덕질,1
빌드,1
선발,1
소속,1
프로토타이핑,1
인크루트,1
관해,1
젝트,1
롯데,1
김대현,1
게임제작사,1
스코넥,1
노리,1
김진희,1
김민정,1
깡호,1
박세환,1
미지,1
리얼,1
건대,1
시연,1
사운드,1
피트니스,1
스터디,1
정부청사역,1
드림위버,1
퍼블,1
단독,1
강바람,1
진척,1
영위,1
불철,1
주야,1
움직,1
설계서,1
통틀어,1
약자,1
보어,1
에코,1
대쉬보드,1
